Iteration_Step,Fidelity_BO,depth_actual,Objective_BO,Objective_Actual,Execution_Time_s
Initial,0.0,0.022529603540857035,6.1938e-05,6.1938e-05,13.605983257293701
Initial,0.0,0.031025195520349585,6.27784e-05,6.27784e-05,13.577628374099731
Initial,1.0,0.022529603540857035,-0.00046106457,0.00046106457,56.63764667510986
Iter_1,1.0,0.05,-0.0005505051,0.0005505051,139.71911811828613
Recommendation,1.0,0.001,-7.837603e-05,7.837603e-05,56.65805697441101
