Iteration_Step,Fidelity_BO,depth_actual,Objective_BO,Objective_Actual,Execution_Time_s
Initial,0.0,0.015606689865542485,6.12929e-05,6.12929e-05,13.728260517120361
Initial,0.0,0.0349886395199938,6.33194e-05,6.33194e-05,13.609115839004517
Initial,1.0,0.015606689865542485,-0.000436202,0.000436202,94.83056879043579
Iter_1,1.0,0.05,-0.0004295077,0.0004295077,147.59997296333313
Recommendation,1.0,0.049988516822457314,-0.00036567257,0.00036567257,141.82548213005066
