Iteration_Step,Fidelity_BO,depth_actual,Objective_BO,Objective_Actual,Execution_Time_s
Initial,0.0,0.049875383020905405,6.55608e-05,6.55608e-05,13.69083046913147
Initial,0.0,0.004910266746959182,6.0556e-05,6.0556e-05,13.508824825286865
Initial,1.0,0.049875383020905405,-0.00038207503,0.00038207503,169.75049805641174
Iter_1,1.0,0.001,-0.00014481849,0.00014481849,58.7981812953949
Recommendation,1.0,0.001,-0.00014481849,0.00014481849,56.63876795768738
