Iteration_Step,Fidelity_BO,depth_actual,Objective_BO,Objective_Actual,Execution_Time_s
Initial,0.0,0.028817756749578902,-10000000000.0,-10000000000.0,13.548541784286499
Initial,0.0,0.016234685359206694,-10000000000.0,-10000000000.0,13.693878889083862
Initial,1.0,0.016234685359206694,-10000000000.0,10000000000.0,90.9164354801178
Iter_1,1.0,0.05,-10000000000.0,10000000000.0,151.76562595367432
Recommendation,1.0,0.049518856038339436,-10000000000.0,10000000000.0,141.63711524009705
