job_name,depth,fidelity,result
job_alpha0p050_fid1,0.0495188560383394,1.0,0.0004889407
